{
    "animation": [
        {
            "name": "Root",
            "time": [0.0, 0.2, 0.4, 0.6, 0.8],
            "transform": [
                [1.0, 0.0, 0.0, -5e-06, 0.0, 0.313662, -0.949535, 0.176479, 0.0, 0.949535, 0.313662, 0.533471, 0.0, 0.0, 0.0, 1.0],
                [0.987349, 0.041586, -0.153009, -5e-06, -0.158559, 0.258956, -0.952786, 0.176479, 0.0, 0.964993, 0.262274, 0.756508, 0.0, 0.0, 0.0, 1.0],
                [1.0, 0.0, 0.0, -5e-06, 0.0, 0.313662, -0.949535, 0.176479, 0.0, 0.949535, 0.313662, 0.533471, 0.0, 0.0, 0.0, 1.0],
                [0.987349, -0.041586, 0.153009, -5e-06, 0.15856, 0.258956, -0.952786, 0.176479, -0.0, 0.964993, 0.262274, 0.756508, 0.0, 0.0, 0.0, 1.0],
                [1.0, 0.0, 0.0, -5e-06, 0.0, 0.313662, -0.949535, 0.176479, 0.0, 0.949535, 0.313662, 0.533471, 0.0, 0.0, 0.0, 1.0]
            ]
        },
        {
            "name": "Thigh_R",
            "time": [0.0, 0.2, 0.4, 0.6, 0.8],
            "transform": [
                [1.0, 1e-06, -1e-06, 0.124994, 1e-06, -0.340452, 0.940261, -0.002831, 1e-06, -0.940262, -0.340452, -1.2e-05, 0.0, 0.0, 0.0, 1.0],
                [0.999434, -0.016535, 0.029282, 0.124994, -0.03361, -0.463023, 0.885709, -0.002831, -0.001087, -0.886192, -0.463317, -1.2e-05, 0.0, 0.0, 0.0, 1.0],
                [1.0, -0.0, -0.0, 0.124994, -0.0, -0.912907, 0.408167, -0.002831, -0.0, -0.408168, -0.912907, -1.2e-05, 0.0, 0.0, 0.0, 1.0],
                [0.991259, -0.13078, -0.0174, 0.124994, -0.110069, -0.747055, -0.655585, -0.002831, 0.072738, 0.65177, -0.75492, -1.2e-05, 0.0, 0.0, 0.0, 1.0],
                [1.0, 1e-06, -1e-06, 0.124994, 1e-06, -0.340452, 0.940261, -0.002831, 1e-06, -0.940262, -0.340452, -1.2e-05, 0.0, 0.0, 0.0, 1.0]
            ]
        },
        {
            "name": "Leg_R",
            "time": [0.0, 0.2, 0.4, 0.6, 0.8],
            "transform": [
                [1.0, -2e-06, -0.0, -0.0, -0.0, -0.493086, 0.86998, 0.37472, -2e-06, -0.869981, -0.493086, -0.0, 0.0, 0.0, 0.0, 1.0],
                [1.0, -2e-05, -3e-06, -0.0, 1e-05, 0.333936, 0.942596, 0.37472, -1.8e-05, -0.942596, 0.333936, 0.0, 0.0, 0.0, 0.0, 1.0],
                [1.0, 0.0, 0.0, -0.0, -0.0, 0.291256, 0.956645, 0.37472, -0.0, -0.956645, 0.291257, 0.0, 0.0, 0.0, 0.0, 1.0],
                [1.0, -3.6e-05, 5.2e-05, 0.0, 3.6e-05, 0.999988, 0.005003, 0.37472, -5.2e-05, -0.005002, 0.999987, -0.0, 0.0, 0.0, 0.0, 1.0],
                [1.0, -2e-06, -0.0, -0.0, -0.0, -0.493086, 0.86998, 0.37472, -2e-06, -0.869981, -0.493086, -0.0, 0.0, 0.0, 0.0, 1.0]
            ]
        },
        {
            "name": "Knee_R",
            "time": [0.0, 0.2, 0.4, 0.6, 0.8],
            "transform": [
                [1.0, 0.0, -0.0, 0.0, -0.0, 0.0, -1.0, 0.37472, -0.0, 1.0, 0.0, -0.0, 0.0, 0.0, 0.0, 1.0],
                [1.0, 0.0, -0.0, 0.0, -0.0, 0.0, -1.0, 0.37472, -0.0, 1.0, 0.0, 0.0, 0.0, 0.0, 0.0, 1.0],
                [1.0, 0.0, -0.0, 0.0, -0.0, 0.0, -1.0, 0.37472, -0.0, 1.0, 0.0, 0.0, 0.0, 0.0, 0.0, 1.0],
                [1.0, 0.0, -0.0, 0.0, -0.0, 0.0, -1.0, 0.37472, -0.0, 1.0, 0.0, -0.0, 0.0, 0.0, 0.0, 1.0],
                [1.0, 0.0, -0.0, 0.0, -0.0, 0.0, -1.0, 0.37472, -0.0, 1.0, 0.0, -0.0, 0.0, 0.0, 0.0, 1.0]
            ]
        },
        {
            "name": "Thigh_L",
            "time": [0.0, 0.2, 0.4, 0.6, 0.8],
            "transform": [
                [1.0, 0.0, -0.0, -0.125006, 1e-06, -0.912907, 0.408167, -0.002831, -0.0, -0.408168, -0.912907, -1.2e-05, 0.0, 0.0, 0.0, 1.0],
                [0.991259, 0.13078, 0.017399, -0.125006, 0.110068, -0.747054, -0.655587, -0.002831, -0.072739, 0.651771, -0.754919, -1.2e-05, 0.0, 0.0, 0.0, 1.0],
                [1.0, 0.0, -1e-06, -0.125006, 1e-06, -0.340452, 0.940261, -0.002831, -0.0, -0.940262, -0.340452, -1.2e-05, 0.0, 0.0, 0.0, 1.0],
                [0.999434, 0.016536, -0.029283, -0.125006, 0.033612, -0.463021, 0.885709, -0.002831, 0.001088, -0.886193, -0.463315, -1.2e-05, 0.0, 0.0, 0.0, 1.0],
                [1.0, 0.0, -0.0, -0.125006, 1e-06, -0.912907, 0.408167, -0.002831, -0.0, -0.408168, -0.912907, -1.2e-05, 0.0, 0.0, 0.0, 1.0]
            ]
        },
        {
            "name": "Leg_L",
            "time": [0.0, 0.2, 0.4, 0.6, 0.8],
            "transform": [
                [1.0, -1e-06, 1e-06, 0.0, -0.0, 0.291256, 0.956645, 0.37472, -2e-06, -0.956645, 0.291257, 0.0, 0.0, 0.0, 0.0, 1.0],
                [1.0, 3.7e-05, -4.9e-05, -0.0, -3.6e-05, 0.999988, 0.005003, 0.37472, 4.9e-05, -0.005002, 0.999988, 0.0, 0.0, 0.0, 0.0, 1.0],
                [1.0, -0.0, 0.0, -0.0, -0.0, -0.493085, 0.86998, 0.37472, -0.0, -0.869981, -0.493086, -0.0, 0.0, 0.0, 0.0, 1.0],
                [1.0, 1.8e-05, 5e-06, -0.0, -1.1e-05, 0.333938, 0.942595, 0.37472, 1.5e-05, -0.942595, 0.333938, 0.0, 0.0, 0.0, 0.0, 1.0],
                [1.0, -1e-06, 1e-06, 0.0, -0.0, 0.291256, 0.956645, 0.37472, -2e-06, -0.956645, 0.291257, 0.0, 0.0, 0.0, 0.0, 1.0]
            ]
        },
        {
            "name": "Knee_L",
            "time": [0.0, 0.2, 0.4, 0.6, 0.8],
            "transform": [
                [1.0, 0.0, -0.0, 0.0, -0.0, 0.0, -1.0, 0.37472, -0.0, 1.0, 0.0, 0.0, 0.0, 0.0, 0.0, 1.0],
                [1.0, 0.0, -0.0, -0.0, -0.0, 0.0, -1.0, 0.37472, -0.0, 1.0, 0.0, 0.0, 0.0, 0.0, 0.0, 1.0],
                [1.0, 0.0, -0.0, -0.0, -0.0, 0.0, -1.0, 0.37472, -0.0, 1.0, 0.0, -0.0, 0.0, 0.0, 0.0, 1.0],
                [1.0, 0.0, -0.0, -0.0, -0.0, 0.0, -1.0, 0.37472, -0.0, 1.0, 0.0, 0.0, 0.0, 0.0, 0.0, 1.0],
                [1.0, 0.0, -0.0, 0.0, -0.0, 0.0, -1.0, 0.37472, -0.0, 1.0, 0.0, 0.0, 0.0, 0.0, 0.0, 1.0]
            ]
        },
        {
            "name": "Torso",
            "time": [0.0, 0.2, 0.4, 0.6, 0.8],
            "transform": [
                [1.0, 0.0, 0.0, 0.0, 0.0, 1.0, 0.0, 0.05, 0.0, 0.0, 1.0, 0.0, 0.0, 0.0, 0.0, 1.0],
                [1.0, 0.0, 0.0, 0.0, 0.0, 1.0, 0.0, 0.05, 0.0, 0.0, 1.0, -0.0, 0.0, 0.0, 0.0, 1.0],
                [1.0, 0.0, 0.0, 0.0, 0.0, 1.0, 0.0, 0.05, 0.0, 0.0, 1.0, 0.0, 0.0, 0.0, 0.0, 1.0],
                [1.0, -0.0, 0.0, 0.0, -0.0, 1.0, 0.0, 0.05, -0.0, 0.0, 1.0, -0.0, 0.0, 0.0, 0.0, 1.0],
                [1.0, 0.0, 0.0, 0.0, 0.0, 1.0, 0.0, 0.05, 0.0, 0.0, 1.0, 0.0, 0.0, 0.0, 0.0, 1.0]
            ]
        },
        {
            "name": "Chest",
            "time": [0.0, 0.2, 0.4, 0.6, 0.8],
            "transform": [
                [1.0, 0.0, 0.0, 0.0, 0.0, 0.998346, 0.057486, 0.3, 0.0, -0.057486, 0.998346, 0.0, 0.0, 0.0, 0.0, 1.0],
                [0.989074, -0.049112, 0.139001, 0.0, 0.038665, 0.99629, 0.076884, 0.3, -0.142261, -0.070669, 0.987303, 0.0, 0.0, 0.0, 0.0, 1.0],
                [1.0, 0.0, 0.0, 0.0, 0.0, 0.997245, 0.074182, 0.3, 0.0, -0.074182, 0.997245, 0.0, 0.0, 0.0, 0.0, 1.0],
                [0.989074, 0.049112, -0.139001, 0.0, -0.038665, 0.99629, 0.076884, 0.3, 0.142261, -0.070669, 0.987303, -0.0, 0.0, 0.0, 0.0, 1.0],
                [1.0, 0.0, 0.0, 0.0, 0.0, 0.997245, 0.074182, 0.3, 0.0, -0.074182, 0.997245, 0.0, 0.0, 0.0, 0.0, 1.0]
            ]
        },
        {
            "name": "Head",
            "time": [0.0, 0.2, 0.4, 0.6, 0.8],
            "transform": [
                [1.0, 0.0, 0.0, 0.0, 0.0, 0.994687, -0.102941, 0.4, 0.0, 0.102941, 0.994687, -0.0, 0.0, 0.0, 0.0, 1.0],
                [1.0, -0.0, 0.0, -0.0, -0.0, 0.994687, -0.102941, 0.4, -0.0, 0.102941, 0.994687, 0.0, 0.0, 0.0, 0.0, 1.0],
                [1.0, 0.0, 0.0, 0.0, 0.0, 0.994687, -0.102941, 0.4, 0.0, 0.102941, 0.994687, 0.0, 0.0, 0.0, 0.0, 1.0],
                [1.0, 0.0, 0.0, -0.0, 0.0, 0.994687, -0.102941, 0.4, -0.0, 0.102941, 0.994687, -0.0, 0.0, 0.0, 0.0, 1.0],
                [1.0, 0.0, 0.0, -0.0, 0.0, 0.994687, -0.102941, 0.4, 0.0, 0.102941, 0.994687, 0.0, 0.0, 0.0, 0.0, 1.0]
            ]
        },
        {
            "name": "Shoulder_R",
            "time": [0.0, 0.2, 0.4, 0.6, 0.8],