{
    "animation": [
        {
            "name": "Root",
            "time": [0.0, 0.2, 0.3, 0.7, 1.0],
            "transform": [
                [1.0, -0.0, 0.0, -5e-06, 0.0, 0.247665, -0.968846, 0.813022, 0.0, 0.968846, 0.247665, 0.990197, 0.0, 0.0, 0.0, 1.0],
                [1.0, -0.0, 0.0, -5e-06, 0.0, 0.523964, -0.85174, 1.259282, 0.0, 0.85174, 0.523964, 0.858139, 0.0, 0.0, 0.0, 1.0],
                [1.0, -0.0, 0.0, -5e-06, 0.0, 0.391893, -0.920011, 1.487056, 0.0, 0.920011, 0.391893, 0.513382, 0.0, 0.0, 0.0, 1.0],
                [1.0, -0.0, 0.0, -5e-06, 0.0, 0.239354, -0.970932, 1.487059, 0.0, 0.970932, 0.239354, 0.634356, 0.0, 0.0, 0.0, 1.0],
                [0.965926, -0.0, -0.258819, -5e-06, -0.258819, 0.0, -0.965926, 1.487056, 0.0, 1.0, -0.0, 0.729084, 0.0, 0.0, 0.0, 1.0]
            ]
        },
        {
            "name": "Thigh_R",
            "time": [0.0, 0.2, 0.3, 0.7, 1.0],
            "transform": [
                [0.975023, 0.219533, -0.033697, 0.124994, 0.201067, -0.807998, 0.553815, -0.00283, 0.094353, -0.546758, -0.831958, -1.2e-05, 0.0, 0.0, 0.0, 1.0],
                [0.990651, 0.11895, 0.066795, 0.124994, 0.093148, -0.947512, 0.305851, -0.002831, 0.09967, -0.29677, -0.949734, -1.2e-05, 0.0, 0.0, 0.0, 1.0],
                [0.96927, 0.221561, -0.106896, 0.124994, 0.227609, -0.642854, 0.731392, -0.002831, 0.09333, -0.733246, -0.673528, -1.2e-05, 0.0, 0.0, 0.0, 1.0],
                [0.978021, 0.206974, -0.025225, 0.124994, 0.196113, -0.872051, 0.448405, -0.002831, 0.07081, -0.443497, -0.893475, -1.2e-05, 0.0, 0.0, 0.0, 1.0],
                [0.97146, 0.186002, 0.147204, 0.124994, 0.174475, -0.98074, 0.087796, -0.002831, 0.160699, -0.059607, -0.985202, -1.2e-05, 0.0, 0.0, 0.0, 1.0]
            ]
        },
        {
            "name": "Leg_R",
            "time": [0.0, 0.2, 0.3, 0.7, 1.0],
            "transform": [
                [1.0, -3e-06, 4e-06, 0.0, -4e-06, -0.058304, 0.998299, 0.37472, -2e-06, -0.998299, -0.058305, 0.0, 0.0, 0.0, 0.0, 1.0],
                [1.0, 4e-06, 2e-06, -0.0, -4e-06, 0.999988, 0.004848, 0.37472, -2e-06, -0.004848, 0.999988, 0.0, 0.0, 0.0, 0.0, 1.0],
                [1.0, -2e-06, 4e-06, 0.0, -4e-06, 0.087106, 0.996199, 0.37472, -2e-06, -0.996199, 0.087106, -0.0, 0.0, 0.0, 0.0, 1.0],
                [1.0, 0.0, 5e-06, 0.0, -4e-06, 0.578782, 0.815482, 0.37472, -2e-06, -0.815482, 0.578782, -0.0, 0.0, 0.0, 0.0, 1.0],
                [1.0, 3e-06, 4e-06, 0.0, -4e-06, 0.94659, 0.322438, 0.37472, -3e-06, -0.322438, 0.94659, -0.0, 0.0, 0.0, 0.0, 1.0]
            ]
        },
        {
            "name": "Knee_R",
            "time": [0.0, 0.2, 0.3, 0.7, 1.0],
            "transform": [
                [1.0, 4e-06, 1e-06, -0.0, -4e-06, 0.996556, -0.082923, 0.37472, -2e-06, 0.082923, 0.996556, -0.0, 0.0, 0.0, 0.0, 1.0],
                [1.0, 3e-06, -3e-06, -0.0, -4e-06, 0.421722, -0.906726, 0.37472, -2e-06, 0.906726, 0.421722, 0.0, 0.0, 0.0, 0.0, 1.0],
                [1.0, 4e-06, 0.0, 0.0, -4e-06, 0.922903, -0.385034, 0.37472, -2e-06, 0.385034, 0.922903, -0.0, 0.0, 0.0, 0.0, 1.0],
                [1.0, 4e-06, -1e-06, -0.0, -4e-06, 0.791859, -0.610704, 0.37472, -2e-06, 0.610704, 0.791858, -0.0, 0.0, 0.0, 0.0, 1.0],
                [1.0, 2e-06, -4e-06, 0.0, -4e-06, 0.163417, -0.986557, 0.37472, -2e-06, 0.986557, 0.163417, -0.0, 0.0, 0.0, 0.0, 1.0]
            ]
        },
        {
            "name": "Thigh_L",
            "time": [0.0, 0.2, 0.3, 0.7, 1.0],
            "transform": [
                [0.985546, -0.082717, -0.147838, -0.125006, -0.159467, -0.747497, -0.64484, -0.00283, -0.057169, 0.659095, -0.749884, -1.2e-05, 0.0, 0.0, 0.0, 1.0],
                [0.99682, -0.066607, -0.043754, -0.125006, 0.01572, -0.373903, 0.927335, -0.002831, -0.078127, -0.925073, -0.371666, -1.2e-05, 0.0, 0.0, 0.0, 1.0],
                [0.993498, -0.107616, 0.037145, -0.125006, -0.036133, 0.011343, 0.999283, -0.002831, -0.10796, -0.994128, 0.007381, -1.2e-05, 0.0, 0.0, 0.0, 1.0],
                [0.994449, -0.097674, -0.039123, -0.125006, -0.03851, -0.683903, 0.728556, -0.002831, -0.097917, -0.723006, -0.683868, -1.2e-05, 0.0, 0.0, 0.0, 1.0],
                [0.988443, -0.14648, 0.039034, -0.125006, -0.151505, -0.963272, 0.221704, -0.002831, 0.005125, -0.225055, -0.974333, -1.2e-05, 0.0, 0.0, 0.0, 1.0]
            ]
        },
        {
            "name": "Leg_L",
            "time": [0.0, 0.2, 0.3, 0.7, 1.0],
            "transform": [
                [1.0, 1e-06, 1e-06, -0.0, -1e-06, 0.999988, 0.004796, 0.37472, -1e-06, -0.004796, 0.999988, -0.0, 0.0, 0.0, 0.0, 1.0],
                [1.0, 1e-06, 1e-06, 0.0, -1e-06, 0.999989, 0.004748, 0.37472, -1e-06, -0.004748, 0.999988, -0.0, 0.0, 0.0, 0.0, 1.0],
                [1.0, -0.0, 2e-06, 0.0, -1e-06, 0.529143, 0.848533, 0.37472, -1e-06, -0.848533, 0.529143, 0.0, 0.0, 0.0, 0.0, 1.0],
                [1.0, 1e-06, 1e-06, 0.0, -1e-06, 0.999988, 0.004904, 0.37472, -1e-06, -0.004904, 0.999988, 0.0, 0.0, 0.0, 0.0, 1.0],
                [1.0, 1e-06, 1e-06, -0.0, -1e-06, 0.922331, 0.386401, 0.37472, -1e-06, -0.386401, 0.922331, -0.0, 0.0, 0.0, 0.0, 1.0]
            ]
        },
        {
            "name": "Knee_L",
            "time": [0.0, 0.2, 0.3, 0.7, 1.0],
            "transform": [
                [1.0, 1e-06, -1e-06, 0.0, -1e-06, 0.09507, -0.99547, 0.37472, -0.0, 0.99547, 0.09507, -0.0, 0.0, 0.0, 0.0, 1.0],
                [1.0, 1e-06, -1e-06, 0.0, -1e-06, 0.144587, -0.989492, 0.37472, -0.0, 0.989492, 0.144587, -0.0, 0.0, 0.0, 0.0, 1.0],
                [1.0, 1e-06, -1e-06, 0.0, -1e-06, 0.5894, -0.807842, 0.37472, -0.0, 0.807842, 0.5894, -0.0, 0.0, 0.0, 0.0, 1.0],
                [1.0, 0.0, -1e-06, 0.0, -1e-06, 0.049931, -0.998753, 0.37472, -0.0, 0.998753, 0.04993, 0.0, 0.0, 0.0, 0.0, 1.0],
                [1.0, 1e-06, -1e-06, 0.0, -1e-06, 0.197066, -0.98039, 0.37472, -0.0, 0.98039, 0.197066, -0.0, 0.0, 0.0, 0.0, 1.0]
            ]
        },
        {
            "name": "Torso",
            "time": [0.0, 0.2, 0.3, 0.7, 1.0],
            "transform": [
                [1.0, 0.0, -0.0, 0.0, -0.0, 0.979329, -0.202272, 0.05, 0.0, 0.202272, 0.979329, -0.0, 0.0, 0.0, 0.0, 1.0],
                [1.0, 0.0, -0.0, 0.0, -0.0, 0.985946, 0.167063, 0.05, 0.0, -0.167063, 0.985946, 0.0, 0.0, 0.0, 0.0, 1.0],
                [1.0, 0.0, -0.0, -0.0, -0.0, 0.976937, 0.213529, 0.05, 0.0, -0.213529, 0.976937, 0.0, 0.0, 0.0, 0.0, 1.0],
                [1.0, 0.0, -0.0, 0.0, -0.0, 0.918994, 0.394271, 0.05, 0.0, -0.394271, 0.918994, -0.0, 0.0, 0.0, 0.0, 1.0],
                [1.0, 0.0, -0.0, -0.0, -0.0, 0.999665, -0.025877, 0.05, 0.0, 0.025877, 0.999665, 0.0, 0.0, 0.0, 0.0, 1.0]
            ]
        },
        {
            "name": "Chest",
            "time": [0.0, 0.05, 0.15, 0.2, 0.3, 0.7, 1.0],
            "transform": [
                [1.0, -1e-06, 1e-06, -0.0, 1e-06, 0.990781, -0.135476, 0.35, -1e-06, 0.135476, 0.990781, 0.0, 0.0, 0.0, 0.0, 1.0],
                [1.0, -1e-06, 1e-06, 0.0, 1e-06, 0.897083, -0.441862, 0.35, -0.0, 0.441862, 0.897083, 0.0, 0.0, 0.0, 0.0, 1.0],
                [1.0, -1e-06, 1e-06, -0.0, 1e-06, 0.99857, -0.053455, 0.35, -1e-06, 0.053455, 0.99857, 0.0, 0.0, 0.0, 0.0, 1.0],
                [1.0, -1e-06, 1e-06, 0.0, 1e-06, 0.929077, 0.369887, 0.35, -1e-06, -0.369887, 0.929077, -0.0, 0.0, 0.0, 0.0, 1.0],
                [1.0, -1e-06, 1e-06, 0.0, 1e-06, 0.934752, 0.3553, 0.35, -1e-06, -0.3553, 0.934752, -0.0, 0.0, 0.0, 0.0, 1.0],
                [1.0, -1e-06, 1e-06, -0.0, 1e-06, 0.955119, 0.296222, 0.35, -1e-06, -0.296222, 0.955119, -0.0, 0.0, 0.0, 0.0, 1.0],
                [1.0, -1e-06, 1e-06, 0.0, 1e-06, 1.0, 1e-06, 0.35, -1e-06, -1e-06, 1.0, 0.0, 0.0, 0.0, 0.0, 1.0]
            ]
        },
        {
            "name": "Head",
            "time": [0.0, 0.2, 0.3, 0.7, 1.0],